{
  "version": 1,
  "author": "Anonymous maker",
  "editor": "wokwi",
  "parts": [
    { "type": "wokwi-arduino-uno", "id": "uno", "top": -21.53, "left": -98.21, "attrs": {} },
    { "type": "wokwi-lcd1602", "id": "lcd1", "top": -225.67, "left": -68.44, "attrs": {} },
    {
      "type": "wokwi-slide-potentiometer",
      "id": "pot2",
      "top": 149,
      "left": 210.2,
      "attrs": { "travelLength": "30" }
    },
    {
      "type": "wokwi-pushbutton",
      "id": "btn1",
      "top": 279,
      "left": -232.4,
      "attrs": { "color": "green" }
    },
    {
      "type": "wokwi-pushbutton",
      "id": "btn2",
      "top": 279,
      "left": -155.6,
      "attrs": { "color": "green" }
    },
    {
      "type": "wokwi-pushbutton",
      "id": "btn3",
      "top": 279,
      "left": -78.8,
      "attrs": { "color": "green" }
    },
    {
      "type": "wokwi-pushbutton",
      "id": "btn4",
      "top": 279,
      "left": -2,
      "attrs": { "color": "green" }
    },
    {
      "type": "wokwi-pushbutton",
      "id": "btn5",
      "top": 279,
      "left": 74.8,
      "attrs": { "color": "green" }
    }
  ],
  "connections": [
    [ "uno:GND.1", "lcd1:VSS", "black", [ "v-20.17", "h-50.35" ] ],
    [ "uno:3", "lcd1:D6", "green", [ "v-57.95", "h-50.65" ] ],
    [ "uno:7", "lcd1:RS", "green", [ "v-32.4", "h-12.88" ] ],
    [ "uno:6", "lcd1:E", "green", [ "v-38.21", "h-18.51" ] ],
    [ "uno:5", "lcd1:D4", "green", [ "v-45.31", "h-12.53" ] ],
    [ "uno:4", "lcd1:D5", "green", [ "v-52.4", "h-43.96" ] ],
    [ "uno:2", "lcd1:D7", "green", [ "v-65.3", "h-49.41" ] ],
    [ "btn1:1.r", "uno:A0", "green", [ "v-67.2", "h253.8" ] ],
    [ "btn2:1.r", "uno:A1", "green", [ "v-57.6", "h13.8" ] ],
    [ "btn3:1.r", "uno:A2", "green", [ "v-48", "h13.8" ] ],
    [ "btn4:1.r", "uno:A3", "green", [ "v-38.4", "h42.6" ] ],
    [ "btn5:1.r", "uno:A4", "green", [ "v-19.2", "h-5.4" ] ],
    [ "pot2:SIG", "uno:A5", "green", [ "h0" ] ],
    [ "uno:5V", "btn5:2.l", "red", [ "v22.03", "h-301.79", "v153.6", "h316.8" ] ],
    [ "uno:5V", "btn4:2.l", "red", [ "v22.03", "h-301.79", "v153.6", "h240", "v-28.8" ] ],
    [ "uno:5V", "btn3:2.l", "red", [ "v22.03", "h-301.79", "v153.6", "h134.4" ] ],
    [ "uno:5V", "btn2:2.l", "red", [ "v22.03", "h-301.79", "v153.6", "h67.2" ] ],
    [ "uno:5V", "btn1:2.l", "red", [ "v22.03", "h-301.79", "v67.2" ] ]
  ],
  "dependencies": {}
}