<?xml version="1.0"?>
<Locations >
  <Project >
    <file_marker column=" 1" line=" 1" >
      <vfs_project />
      <vfs_file>C:\Users\lucia\OneDrive\Escritorio\Uni\OP\lab_8\Txantiloiak_lab8\3_tutoretzara_joatea\nan_posizioa.adb</vfs_file>
    </file_marker>
    <file_marker column=" 4" line=" 10" >
      <vfs_project>C:\Users\lucia\OneDrive\Escritorio\Uni\OP\lab_8\Txantiloiak_lab8\3_tutoretzara_joatea\default.gpr</vfs_project>
      <vfs_file>C:\Users\lucia\OneDrive\Escritorio\Uni\OP\lab_8\Txantiloiak_lab8\3_tutoretzara_joatea\nan_posizioa.adb</vfs_file>
    </file_marker>
    <file_marker column=" 1" line=" 1" >
      <vfs_project>C:\Users\lucia\OneDrive\Escritorio\Uni\OP\lab_8\Txantiloiak_lab8\3_tutoretzara_joatea\default.gpr</vfs_project>
      <vfs_file>C:\Users\lucia\OneDrive\Escritorio\Uni\OP\lab_8\Txantiloiak_lab8\3_tutoretzara_joatea\datuak.ads</vfs_file>
    </file_marker>
    <file_marker column=" 15" line=" 20" >
      <vfs_project>C:\Users\lucia\OneDrive\Escritorio\Uni\OP\lab_8\Txantiloiak_lab8\3_tutoretzara_joatea\default.gpr</vfs_project>
      <vfs_file>C:\Users\lucia\OneDrive\Escritorio\Uni\OP\lab_8\Txantiloiak_lab8\3_tutoretzara_joatea\nan_posizioa.adb</vfs_file>
    </file_marker>
    <file_marker column=" 1" line=" 1" >
      <vfs_project>C:\Users\lucia\OneDrive\Escritorio\Uni\OP\lab_8\Txantiloiak_lab8\3_tutoretzara_joatea\default.gpr</vfs_project>
      <vfs_file>C:\Users\lucia\OneDrive\Escritorio\Uni\OP\lab_8\Txantiloiak_lab8\3_tutoretzara_joatea\ezabatu_errepikatuak.adb</vfs_file>
    </file_marker>
    <file_marker column=" 13" line=" 21" >
      <vfs_project>C:\Users\lucia\OneDrive\Escritorio\Uni\OP\lab_8\Txantiloiak_lab8\3_tutoretzara_joatea\default.gpr</vfs_project>
      <vfs_file>C:\Users\lucia\OneDrive\Escritorio\Uni\OP\lab_8\Txantiloiak_lab8\3_tutoretzara_joatea\ezabatu_errepikatuak.adb</vfs_file>
    </file_marker>
    <file_marker column=" 1" line=" 1" >
      <vfs_project>C:\Users\lucia\OneDrive\Escritorio\Uni\OP\lab_8\Txantiloiak_lab8\3_tutoretzara_joatea\default.gpr</vfs_project>
      <vfs_file>C:\Users\lucia\OneDrive\Escritorio\Uni\OP\lab_8\Txantiloiak_lab8\3_tutoretzara_joatea\ikasle_eta_tutoretza_totalak_lortu.adb</vfs_file>
    </file_marker>
    <file_marker column=" 1" line=" 1" >
      <vfs_project>C:\Users\lucia\OneDrive\Escritorio\Uni\OP\lab_8\Txantiloiak_lab8\3_tutoretzara_joatea\default.gpr</vfs_project>
      <vfs_file>C:\Users\lucia\OneDrive\Escritorio\Uni\OP\lab_8\Txantiloiak_lab8\3_tutoretzara_joatea\ezabatu_errepikatuak.adb</vfs_file>
    </file_marker>
    <file_marker column=" 1" line=" 1" >
      <vfs_project>C:\Users\lucia\OneDrive\Escritorio\Uni\OP\lab_8\Txantiloiak_lab8\3_tutoretzara_joatea\default.gpr</vfs_project>
      <vfs_file>C:\Users\lucia\OneDrive\Escritorio\Uni\OP\lab_8\Txantiloiak_lab8\3_tutoretzara_joatea\datuak.ads</vfs_file>
    </file_marker>
    <file_marker column=" 1" line=" 1" >
      <vfs_project>C:\Users\lucia\OneDrive\Escritorio\Uni\OP\lab_8\Txantiloiak_lab8\3_tutoretzara_joatea\default.gpr</vfs_project>
      <vfs_file>C:\Users\lucia\OneDrive\Escritorio\Uni\OP\lab_8\Txantiloiak_lab8\3_tutoretzara_joatea\ezabatu_errepikatuak.adb</vfs_file>
    </file_marker>
    <file_marker column=" 1" line=" 1" >
      <vfs_project>C:\Users\lucia\OneDrive\Escritorio\Uni\OP\lab_8\Txantiloiak_lab8\3_tutoretzara_joatea\default.gpr</vfs_project>
      <vfs_file>C:\Users\lucia\OneDrive\Escritorio\Uni\OP\lab_8\Txantiloiak_lab8\3_tutoretzara_joatea\nan_posizioa.adb</vfs_file>
    </file_marker>
    <file_marker column=" 1" line=" 1" >
      <vfs_project>C:\Users\lucia\OneDrive\Escritorio\Uni\OP\lab_8\Txantiloiak_lab8\3_tutoretzara_joatea\default.gpr</vfs_project>
      <vfs_file>C:\Users\lucia\OneDrive\Escritorio\Uni\OP\lab_8\Txantiloiak_lab8\3_tutoretzara_joatea\ezabatu_errepikatuak.adb</vfs_file>
    </file_marker>
    <file_marker column=" 13" line=" 21" >
      <vfs_project>C:\Users\lucia\OneDrive\Escritorio\Uni\OP\lab_8\Txantiloiak_lab8\3_tutoretzara_joatea\default.gpr</vfs_project>
      <vfs_file>C:\Users\lucia\OneDrive\Escritorio\Uni\OP\lab_8\Txantiloiak_lab8\3_tutoretzara_joatea\ezabatu_errepikatuak.adb</vfs_file>
    </file_marker>
    <file_marker column=" 1" line=" 1" >
      <vfs_project>C:\Users\lucia\OneDrive\Escritorio\Uni\OP\lab_8\Txantiloiak_lab8\3_tutoretzara_joatea\default.gpr</vfs_project>
      <vfs_file>C:\Users\lucia\OneDrive\Escritorio\Uni\OP\lab_8\Txantiloiak_lab8\3_tutoretzara_joatea\ordenatu.adb</vfs_file>
    </file_marker>
    <file_marker column=" 1" line=" 1" >
      <vfs_project>C:\Users\lucia\OneDrive\Escritorio\Uni\OP\lab_8\Txantiloiak_lab8\3_tutoretzara_joatea\default.gpr</vfs_project>
      <vfs_file>C:\Users\lucia\OneDrive\Escritorio\Uni\OP\lab_8\Txantiloiak_lab8\3_tutoretzara_joatea\ikasle_eta_tutoretza_totalak_lortu.adb</vfs_file>
    </file_marker>
    <file_marker column=" 1" line=" 1" >
      <vfs_project>C:\Users\lucia\OneDrive\Escritorio\Uni\OP\lab_8\Txantiloiak_lab8\3_tutoretzara_joatea\default.gpr</vfs_project>
      <vfs_file>C:\Users\lucia\OneDrive\Escritorio\Uni\OP\lab_8\Txantiloiak_lab8\3_tutoretzara_joatea\ikasle_eta_tutoretza_totalak_lortu_proba.adb</vfs_file>
    </file_marker>
    <file_marker column=" 1" line=" 1" >
      <vfs_project>C:\Users\lucia\OneDrive\Escritorio\Uni\OP\lab_8\Txantiloiak_lab8\3_tutoretzara_joatea\default.gpr</vfs_project>
      <vfs_file>C:\Users\lucia\OneDrive\Escritorio\Uni\OP\lab_8\Txantiloiak_lab8\3_tutoretzara_joatea\nagusia.adb</vfs_file>
    </file_marker>
    <file_marker column=" 1" line=" 33" >
      <vfs_project>C:\Users\lucia\OneDrive\Escritorio\Uni\OP\lab_8\Txantiloiak_lab8\3_tutoretzara_joatea\default.gpr</vfs_project>
      <vfs_file>C:\Users\lucia\OneDrive\Escritorio\Uni\OP\lab_8\Txantiloiak_lab8\3_tutoretzara_joatea\ikasle_eta_tutoretza_totalak_lortu.adb</vfs_file>
    </file_marker>
    <file_marker column=" 1" line=" 1" >
      <vfs_project>C:\Users\lucia\OneDrive\Escritorio\Uni\OP\lab_8\Txantiloiak_lab8\3_tutoretzara_joatea\default.gpr</vfs_project>
      <vfs_file>C:\Users\lucia\OneDrive\Escritorio\Uni\OP\lab_8\Txantiloiak_lab8\3_tutoretzara_joatea\ikasle_eta_tutoretza_totalak_lortu_proba.adb</vfs_file>
    </file_marker>
    <file_marker column=" 1" line=" 1" >
      <vfs_project>C:\Users\lucia\OneDrive\Escritorio\Uni\OP\lab_8\Txantiloiak_lab8\3_tutoretzara_joatea\default.gpr</vfs_project>
      <vfs_file>C:\Users\lucia\OneDrive\Escritorio\Uni\OP\lab_8\Txantiloiak_lab8\3_tutoretzara_joatea\ordenatu.adb</vfs_file>
    </file_marker>
    <file_marker column=" 1" line=" 1" >
      <vfs_project>C:\Users\lucia\OneDrive\Escritorio\Uni\OP\lab_8\Txantiloiak_lab8\3_tutoretzara_joatea\default.gpr</vfs_project>
      <vfs_file>C:\Users\lucia\OneDrive\Escritorio\Uni\OP\lab_8\Txantiloiak_lab8\3_tutoretzara_joatea\nan_posizioa.adb</vfs_file>
    </file_marker>
    <file_marker column=" 1" line=" 1" >
      <vfs_project>C:\Users\lucia\OneDrive\Escritorio\Uni\OP\lab_8\Txantiloiak_lab8\3_tutoretzara_joatea\default.gpr</vfs_project>
      <vfs_file>C:\Users\lucia\OneDrive\Escritorio\Uni\OP\lab_8\Txantiloiak_lab8\3_tutoretzara_joatea\ezabatu_errepikatuak.adb</vfs_file>
    </file_marker>
    <file_marker column=" 1" line=" 1" >
      <vfs_project>C:\Users\lucia\OneDrive\Escritorio\Uni\OP\lab_8\Txantiloiak_lab8\3_tutoretzara_joatea\default.gpr</vfs_project>
      <vfs_file>C:\Users\lucia\OneDrive\Escritorio\Uni\OP\lab_8\Txantiloiak_lab8\3_tutoretzara_joatea\ikasle_eta_tutoretza_totalak_lortu_proba.adb</vfs_file>
    </file_marker>
    <file_marker column=" 1" line=" 1" >
      <vfs_project>C:\Users\lucia\OneDrive\Escritorio\Uni\OP\lab_8\Txantiloiak_lab8\3_tutoretzara_joatea\default.gpr</vfs_project>
      <vfs_file>C:\Users\lucia\OneDrive\Escritorio\Uni\OP\lab_8\Txantiloiak_lab8\3_tutoretzara_joatea\ikasle_eta_tutoretza_totalak_lortu.adb</vfs_file>
    </file_marker>
    <file_marker column=" 1" line=" 1" >
      <vfs_project>C:\Users\lucia\OneDrive\Escritorio\Uni\OP\lab_8\Txantiloiak_lab8\3_tutoretzara_joatea\default.gpr</vfs_project>
      <vfs_file>C:\Users\lucia\OneDrive\Escritorio\Uni\OP\lab_8\Txantiloiak_lab8\3_tutoretzara_joatea\ordenatu.adb</vfs_file>
    </file_marker>
    <file_marker column=" 1" line=" 1" >
      <vfs_project>C:\Users\lucia\OneDrive\Escritorio\Uni\OP\lab_8\Txantiloiak_lab8\3_tutoretzara_joatea\default.gpr</vfs_project>
      <vfs_file>C:\Users\lucia\OneDrive\Escritorio\Uni\OP\lab_8\Txantiloiak_lab8\3_tutoretzara_joatea\ikasle_eta_tutoretza_totalak_lortu_proba.adb</vfs_file>
    </file_marker>
    <file_marker column=" 1" line=" 1" >
      <vfs_project>C:\Users\lucia\OneDrive\Escritorio\Uni\OP\lab_8\Txantiloiak_lab8\3_tutoretzara_joatea\default.gpr</vfs_project>
      <vfs_file>C:\Users\lucia\OneDrive\Escritorio\Uni\OP\lab_8\Txantiloiak_lab8\3_tutoretzara_joatea\ikasle_eta_tutoretza_totalak_lortu.adb</vfs_file>
    </file_marker>
    <file_marker column=" 1" line=" 1" >
      <vfs_project>C:\Users\lucia\OneDrive\Escritorio\Uni\OP\lab_8\Txantiloiak_lab8\3_tutoretzara_joatea\default.gpr</vfs_project>
      <vfs_file>C:\Users\lucia\OneDrive\Escritorio\Uni\OP\lab_8\Txantiloiak_lab8\3_tutoretzara_joatea\nan_posizioa.adb</vfs_file>
    </file_marker>
    <file_marker column=" 1" line=" 1" >
      <vfs_project>C:\Users\lucia\OneDrive\Escritorio\Uni\OP\lab_8\Txantiloiak_lab8\3_tutoretzara_joatea\default.gpr</vfs_project>
      <vfs_file>C:\Users\lucia\OneDrive\Escritorio\Uni\OP\lab_8\Txantiloiak_lab8\3_tutoretzara_joatea\ezabatu_errepikatuak.adb</vfs_file>
    </file_marker>
    <file_marker column=" 1" line=" 1" >
      <vfs_project>C:\Users\lucia\OneDrive\Escritorio\Uni\OP\lab_8\Txantiloiak_lab8\3_tutoretzara_joatea\default.gpr</vfs_project>
      <vfs_file>C:\Users\lucia\OneDrive\Escritorio\Uni\OP\lab_8\Txantiloiak_lab8\3_tutoretzara_joatea\ikasle_eta_tutoretza_totalak_lortu.adb</vfs_file>
    </file_marker>
    <file_marker column=" 1" line=" 1" >
      <vfs_project>C:\Users\lucia\OneDrive\Escritorio\Uni\OP\lab_8\Txantiloiak_lab8\3_tutoretzara_joatea\default.gpr</vfs_project>
      <vfs_file>C:\Users\lucia\OneDrive\Escritorio\Uni\OP\lab_8\Txantiloiak_lab8\3_tutoretzara_joatea\nan_posizioa.adb</vfs_file>
    </file_marker>
    <file_marker column=" 1" line=" 1" >
      <vfs_project>C:\Users\lucia\OneDrive\Escritorio\Uni\OP\lab_8\Txantiloiak_lab8\3_tutoretzara_joatea\default.gpr</vfs_project>
      <vfs_file>C:\Users\lucia\OneDrive\Escritorio\Uni\OP\lab_8\Txantiloiak_lab8\3_tutoretzara_joatea\ikasle_eta_tutoretza_totalak_lortu.adb</vfs_file>
    </file_marker>
    <file_marker column=" 1" line=" 1" >
      <vfs_project>C:\Users\lucia\OneDrive\Escritorio\Uni\OP\lab_8\Txantiloiak_lab8\3_tutoretzara_joatea\default.gpr</vfs_project>
      <vfs_file>C:\Users\lucia\OneDrive\Escritorio\Uni\OP\lab_8\Txantiloiak_lab8\3_tutoretzara_joatea\nan_posizioa.adb</vfs_file>
    </file_marker>
    <file_marker column=" 1" line=" 1" >
      <vfs_project>C:\Users\lucia\OneDrive\Escritorio\Uni\OP\lab_8\Txantiloiak_lab8\3_tutoretzara_joatea\default.gpr</vfs_project>
      <vfs_file>C:\Users\lucia\OneDrive\Escritorio\Uni\OP\lab_8\Txantiloiak_lab8\3_tutoretzara_joatea\ezabatu_errepikatuak.adb</vfs_file>
    </file_marker>
    <file_marker column=" 1" line=" 1" >
      <vfs_project>C:\Users\lucia\OneDrive\Escritorio\Uni\OP\lab_8\Txantiloiak_lab8\3_tutoretzara_joatea\default.gpr</vfs_project>
      <vfs_file>C:\Users\lucia\OneDrive\Escritorio\Uni\OP\lab_8\Txantiloiak_lab8\3_tutoretzara_joatea\nagusia.adb</vfs_file>
    </file_marker>
    <file_marker column=" 1" line=" 1" >
      <vfs_project>C:\Users\lucia\OneDrive\Escritorio\Uni\OP\lab_8\Txantiloiak_lab8\3_tutoretzara_joatea\default.gpr</vfs_project>
      <vfs_file>C:\Users\lucia\OneDrive\Escritorio\Uni\OP\lab_8\Txantiloiak_lab8\3_tutoretzara_joatea\ezabatu_errepikatuak.adb</vfs_file>
    </file_marker>
    <file_marker column=" 1" line=" 1" >
      <vfs_project>C:\Users\lucia\OneDrive\Escritorio\Uni\OP\lab_8\Txantiloiak_lab8\3_tutoretzara_joatea\default.gpr</vfs_project>
      <vfs_file>C:\Users\lucia\OneDrive\Escritorio\Uni\OP\lab_8\Txantiloiak_lab8\3_tutoretzara_joatea\ikasle_eta_tutoretza_totalak_lortu_proba.adb</vfs_file>
    </file_marker>
    <file_marker column=" 1" line=" 1" >
      <vfs_project>C:\Users\lucia\OneDrive\Escritorio\Uni\OP\lab_8\Txantiloiak_lab8\3_tutoretzara_joatea\default.gpr</vfs_project>
      <vfs_file>C:\Users\lucia\OneDrive\Escritorio\Uni\OP\lab_8\Txantiloiak_lab8\3_tutoretzara_joatea\nagusia.adb</vfs_file>
    </file_marker>
    <file_marker column=" 4" line=" 3" >
      <vfs_project>C:\Users\lucia\OneDrive\Escritorio\Uni\OP\lab_8\Txantiloiak_lab8\3_tutoretzara_joatea\default.gpr</vfs_project>
      <vfs_file>C:\Users\lucia\OneDrive\Escritorio\Uni\OP\lab_8\Txantiloiak_lab8\3_tutoretzara_joatea\nagusia.adb</vfs_file>
    </file_marker>
    <file_marker column=" 1" line=" 4" >
      <vfs_project>C:\Users\lucia\OneDrive\Escritorio\Uni\OP\lab_8\Txantiloiak_lab8\3_tutoretzara_joatea\default.gpr</vfs_project>
      <vfs_file>C:\Users\lucia\OneDrive\Escritorio\Uni\OP\lab_8\Txantiloiak_lab8\3_tutoretzara_joatea\nagusia.adb</vfs_file>
    </file_marker>
    <file_marker column=" 1" line=" 1" >
      <vfs_project>C:\Users\lucia\OneDrive\Escritorio\Uni\OP\lab_8\Txantiloiak_lab8\3_tutoretzara_joatea\default.gpr</vfs_project>
      <vfs_file>C:\Users\lucia\OneDrive\Escritorio\Uni\OP\lab_8\Txantiloiak_lab8\3_tutoretzara_joatea\ikasle_eta_tutoretza_totalak_lortu.adb</vfs_file>
    </file_marker>
    <file_marker column=" 1" line=" 1" >
      <vfs_project>C:\Users\lucia\OneDrive\Escritorio\Uni\OP\lab_8\Txantiloiak_lab8\3_tutoretzara_joatea\default.gpr</vfs_project>
      <vfs_file>C:\Users\lucia\OneDrive\Escritorio\Uni\OP\lab_8\Txantiloiak_lab8\3_tutoretzara_joatea\ikasle_eta_tutoretza_totalak_lortu_proba.adb</vfs_file>
    </file_marker>
    <file_marker column=" 1" line=" 1" >
      <vfs_project>C:\Users\lucia\OneDrive\Escritorio\Uni\OP\lab_8\Txantiloiak_lab8\3_tutoretzara_joatea\default.gpr</vfs_project>
      <vfs_file>C:\Users\lucia\OneDrive\Escritorio\Uni\OP\lab_8\Txantiloiak_lab8\3_tutoretzara_joatea\ezabatu_errepikatuak.adb</vfs_file>
    </file_marker>
    <file_marker column=" 1" line=" 1" >
      <vfs_project>C:\Users\lucia\OneDrive\Escritorio\Uni\OP\lab_8\Txantiloiak_lab8\3_tutoretzara_joatea\default.gpr</vfs_project>
      <vfs_file>C:\Users\lucia\OneDrive\Escritorio\Uni\OP\lab_8\Txantiloiak_lab8\3_tutoretzara_joatea\nan_posizioa.adb</vfs_file>
    </file_marker>
    <file_marker column=" 1" line=" 1" >
      <vfs_project>C:\Users\lucia\OneDrive\Escritorio\Uni\OP\lab_8\Txantiloiak_lab8\3_tutoretzara_joatea\default.gpr</vfs_project>
      <vfs_file>C:\Users\lucia\OneDrive\Escritorio\Uni\OP\lab_8\Txantiloiak_lab8\3_tutoretzara_joatea\ordenatu.adb</vfs_file>
    </file_marker>
    <file_marker column=" 1" line=" 1" >
      <vfs_project>C:\Users\lucia\OneDrive\Escritorio\Uni\OP\lab_8\Txantiloiak_lab8\3_tutoretzara_joatea\default.gpr</vfs_project>
      <vfs_file>C:\Users\lucia\OneDrive\Escritorio\Uni\OP\lab_8\Txantiloiak_lab8\3_tutoretzara_joatea\ikasle_eta_tutoretza_totalak_lortu.adb</vfs_file>
    </file_marker>
    <file_marker column=" 1" line=" 1" >
      <vfs_project>C:\Users\lucia\OneDrive\Escritorio\Uni\OP\lab_8\Txantiloiak_lab8\3_tutoretzara_joatea\default.gpr</vfs_project>
      <vfs_file>C:\Users\lucia\OneDrive\Escritorio\Uni\OP\lab_8\Txantiloiak_lab8\3_tutoretzara_joatea\ikasle_eta_tutoretza_totalak_lortu_proba.adb</vfs_file>
    </file_marker>
    <file_marker column=" 1" line=" 1" >
      <vfs_project>C:\Users\lucia\OneDrive\Escritorio\Uni\OP\lab_8\Txantiloiak_lab8\3_tutoretzara_joatea\default.gpr</vfs_project>
      <vfs_file>C:\Users\lucia\OneDrive\Escritorio\Uni\OP\lab_8\Txantiloiak_lab8\3_tutoretzara_joatea\ikasle_eta_tutoretza_totalak_lortu.adb</vfs_file>
    </file_marker>
    <file_marker column=" 1" line=" 1" >
      <vfs_project>C:\Users\lucia\OneDrive\Escritorio\Uni\OP\lab_8\Txantiloiak_lab8\3_tutoretzara_joatea\default.gpr</vfs_project>
      <vfs_file>C:\Users\lucia\OneDrive\Escritorio\Uni\OP\lab_8\Txantiloiak_lab8\3_tutoretzara_joatea\ikasle_eta_tutoretza_totalak_lortu_proba.adb</vfs_file>
    </file_marker>
    <file_marker column=" 1" line=" 1" >
      <vfs_project>C:\Users\lucia\OneDrive\Escritorio\Uni\OP\lab_8\Txantiloiak_lab8\3_tutoretzara_joatea\default.gpr</vfs_project>
      <vfs_file>C:\Users\lucia\OneDrive\Escritorio\Uni\OP\lab_8\Txantiloiak_lab8\3_tutoretzara_joatea\ezabatu_errepikatuak.adb</vfs_file>
    </file_marker>
    <file_marker column=" 13" line=" 21" >
      <vfs_project>C:\Users\lucia\OneDrive\Escritorio\Uni\OP\lab_8\Txantiloiak_lab8\3_tutoretzara_joatea\default.gpr</vfs_project>
      <vfs_file>C:\Users\lucia\OneDrive\Escritorio\Uni\OP\lab_8\Txantiloiak_lab8\3_tutoretzara_joatea\ezabatu_errepikatuak.adb</vfs_file>
    </file_marker>
    <file_marker column=" 13" line=" 21" >
      <vfs_project>C:\Users\lucia\OneDrive\Escritorio\Uni\OP\lab_8\Txantiloiak_lab8\3_tutoretzara_joatea\default.gpr</vfs_project>
      <vfs_file>C:\Users\lucia\OneDrive\Escritorio\Uni\OP\lab_8\Txantiloiak_lab8\3_tutoretzara_joatea\ezabatu_errepikatuak.adb</vfs_file>
    </file_marker>
    <file_marker column=" 18" line=" 13" >
      <vfs_project>C:\Users\lucia\OneDrive\Escritorio\Uni\OP\lab_8\Txantiloiak_lab8\3_tutoretzara_joatea\default.gpr</vfs_project>
      <vfs_file>C:\Users\lucia\OneDrive\Escritorio\Uni\OP\lab_8\Txantiloiak_lab8\3_tutoretzara_joatea\ezabatu_errepikatuak.adb</vfs_file>
    </file_marker>
    <file_marker column=" 1" line=" 1" >
      <vfs_project>C:\Users\lucia\OneDrive\Escritorio\Uni\OP\lab_8\Txantiloiak_lab8\3_tutoretzara_joatea\default.gpr</vfs_project>
      <vfs_file>C:\Users\lucia\OneDrive\Escritorio\Uni\OP\lab_8\Txantiloiak_lab8\3_tutoretzara_joatea\ordenatu.adb</vfs_file>
    </file_marker>
    <file_marker column=" 1" line=" 1" >
      <vfs_project>C:\Users\lucia\OneDrive\Escritorio\Uni\OP\lab_8\Txantiloiak_lab8\3_tutoretzara_joatea\default.gpr</vfs_project>
      <vfs_file>C:\Users\lucia\OneDrive\Escritorio\Uni\OP\lab_8\Txantiloiak_lab8\3_tutoretzara_joatea\ezabatu_errepikatuak.adb</vfs_file>
    </file_marker>
    <file_marker column=" 1" line=" 1" >
      <vfs_project>C:\Users\lucia\OneDrive\Escritorio\Uni\OP\lab_8\Txantiloiak_lab8\3_tutoretzara_joatea\default.gpr</vfs_project>
      <vfs_file>C:\Users\lucia\OneDrive\Escritorio\Uni\OP\lab_8\Txantiloiak_lab8\3_tutoretzara_joatea\ordenatu.adb</vfs_file>
    </file_marker>
    <file_marker column=" 1" line=" 1" >
      <vfs_project>C:\Users\lucia\OneDrive\Escritorio\Uni\OP\lab_8\Txantiloiak_lab8\3_tutoretzara_joatea\default.gpr</vfs_project>
      <vfs_file>C:\Users\lucia\OneDrive\Escritorio\Uni\OP\lab_8\Txantiloiak_lab8\3_tutoretzara_joatea\ikasle_eta_tutoretza_totalak_lortu.adb</vfs_file>
    </file_marker>
    <file_marker column=" 1" line=" 1" >
      <vfs_project>C:\Users\lucia\OneDrive\Escritorio\Uni\OP\lab_8\Txantiloiak_lab8\3_tutoretzara_joatea\default.gpr</vfs_project>
      <vfs_file>C:\Users\lucia\OneDrive\Escritorio\Uni\OP\lab_8\Txantiloiak_lab8\3_tutoretzara_joatea\ordenatu.adb</vfs_file>
    </file_marker>
    <file_marker column=" 1" line=" 1" >
      <vfs_project>C:\Users\lucia\OneDrive\Escritorio\Uni\OP\lab_8\Txantiloiak_lab8\3_tutoretzara_joatea\default.gpr</vfs_project>
      <vfs_file>C:\Users\lucia\OneDrive\Escritorio\Uni\OP\lab_8\Txantiloiak_lab8\3_tutoretzara_joatea\ezabatu_errepikatuak.adb</vfs_file>
    </file_marker>
    <file_marker column=" 1" line=" 1" >
      <vfs_project>C:\Users\lucia\OneDrive\Escritorio\Uni\OP\lab_8\Txantiloiak_lab8\3_tutoretzara_joatea\default.gpr</vfs_project>
      <vfs_file>C:\Users\lucia\OneDrive\Escritorio\Uni\OP\lab_8\Txantiloiak_lab8\3_tutoretzara_joatea\ikasle_eta_tutoretza_totalak_lortu.adb</vfs_file>
    </file_marker>
    <file_marker column=" 1" line=" 1" >
      <vfs_project>C:\Users\lucia\OneDrive\Escritorio\Uni\OP\lab_8\Txantiloiak_lab8\3_tutoretzara_joatea\default.gpr</vfs_project>
      <vfs_file>C:\Users\lucia\OneDrive\Escritorio\Uni\OP\lab_8\Txantiloiak_lab8\3_tutoretzara_joatea\ikasle_eta_tutoretza_totalak_lortu_proba.adb</vfs_file>
    </file_marker>
    <file_marker current="true" column=" 1" line=" 1" >
      <vfs_project />
      <vfs_file>C:\Users\lucia\OneDrive\Escritorio\Uni\OP\lab_8\Txantiloiak_lab8\3_tutoretzara_joatea\ikasle_eta_tutoretza_totalak_lortu.adb</vfs_file>
    </file_marker>
  </Project>
</Locations>
